<SOAP-ENV:Envelope xmlns:SOAP-ENV="http://schemas.xmlsoap.org/soap/envelope/">
	<SOAP-ENV:Body>
		<RegisterInvoiceRequest xmlns="https://efi.tax.gov.me/fs/schema" Id="Request" Version="1">
			<Header UUID="0eef8654-be2e-4c84-8246-4b22b1e36a84" SendDateTime="2022-04-01T07:42:45+02:00"/>
			<Invoice InvType="SUMMARY" TypeOfInv="CASH" IssueDateTime="2022-04-01T07:42:45+02:00" InvNum="yy701hu549/3321/2022/zb808yk228" InvOrdNum="3321" TCRCode="zb808yk228" IsIssuerInVAT="true" TaxFreeAmt="0.00" MarkUpAmt="0.00" TotPriceWoVAT="1.16" TotVATAmt="0.24" TotPrice="1.40" OperatorCode="jr664og060" BusinUnitCode="yy701hu549" SoftCode="on241rl293" IIC="21E9592EF9C86189D7697363F3191436" IICSignature="..." IsReverseCharge="false">
				<PayMethods>
					<PayMethod Type="BANKNOTE" Amt="1.40"/>
				</PayMethods>
				<Seller IDType="TIN" IDNum="02987970" Name="LIREX D.O.O." Address="TOPOLICA II 130" Town="BAR" Country="MNE"/>
				<Items>
					<I N="DOJC" C="P1003" U="KOM." Q="1.000" UPB="1.1600" UPA="1.4000" R="0.0000" RR="false" PB="1.1600" VR="21.0000" VA="0.2400" PA="1.4000"/>
				</Items>
				<SameTaxes>
					<SameTax NumOfItems="1" PriceBefVAT="1.16" VATRate="21.00" VATAmt="0.24"/>
				</SameTaxes>
				<IICRefs>
					<IICRef IIC="5675F3B597EF47617D4B7A2CBDE9F3A9" IssueDateTime="2022-04-01T07:22:24+02:00" Amount="1.40"/>
				</IICRefs>
			</Invoice>
			<Signature xmlns="http://www.w3.org/2000/09/xmldsig#">
				...
			</Signature>
		</RegisterInvoiceRequest>
	</SOAP-ENV:Body>
</SOAP-ENV:Envelope>
